scenario_id,answers
80e3aa96-815d-4683-980c-16db42eab0ef,
f55a819f-3fb9-4c8f-8859-a5b1649ff2d5,
2cd1f674-a411-4860-82c6-a16ba624b172,
923c459f-2ead-4c18-a204-751574ed6ae3,
2e83ae4f-dca0-4931-bb13-d13d672e14e1,
cb846c3c-8900-4b40-917b-0bd848114d00,
a082017c-d1cf-47c3-984b-48cd78048951,
39ae0e0f-cac1-416b-ace8-b72ca6354807,
75a17b6a-ce1b-4a5e-b843-bdd967e81580,
c4e11e51-c978-4d39-bfc0-c298d2e7ac16,
404fb825-8603-4497-91ce-92e40d4a2164,
c95c7270-9e74-47b8-b475-eff7d7c3b5eb,
a7b35fcb-2fe5-4c3a-bf50-58fd5f3d7d1b,
b0ef4fd7-e69f-4659-b71b-a5af2b53c24d,
6f1825be-13f8-4604-948b-aac796e32344,
74abdf87-76b3-434f-aecf-735dd4d82345,
acb898f7-5e9f-4c39-ba2f-ac677ae6355c,
06df7252-3bfe-4a3d-9806-189404de1c9b,
e5930631-de96-4c81-bd7a-e1bbaaa9bede,
c0d6fcb9-3c93-45ad-9a1b-98cce32086d0,
f1d0426c-94a2-496e-b5c5-d8ead9e867ca,
558e64d5-26af-4977-9551-8e1630686b19,
06b971d7-131a-4a2c-976f-a433d6f028cd,
28312271-c54b-4840-8596-5645346e0ba7,
aa431504-d22a-44dc-b539-c364985b6f75,
8ed1021f-abd2-4fdb-9a4e-b0b6a4869c11,
be3d8972-47e7-4f0a-8979-e1fe1d272212,
873fc69e-de64-43c8-ae3b-8f02060b47eb,
953a2987-d2cb-4697-8f77-760546a1845c,
57895e51-e6e0-4d9a-bf80-94cd2cee557f,
ec36b28f-50fb-4ea4-9bae-cf5add603526,
a13f26bb-650c-41e0-bda7-4eb1fa2f15b7,
a94886e5-732b-4786-9a3d-a0730a1aa23d,
dc8c7b18-2e52-4d8f-b283-e7c8af8eaccd,
db60dc66-0cf4-4294-a2a5-9561ac03d18a,
473e08dd-1acf-49c8-9730-8e1962f202cf,
261da544-08ac-48da-80f0-d3f9ada44f29,
8b1ccd46-7cca-465e-9c02-1862afaa907d,
55477a77-37d4-467a-9511-9f99866644b2,
82e04c0a-479d-4be8-a0eb-5456ad418b75,
4760488a-0f65-447c-82c5-9523ba4afda9,
047973ff-6f7b-4760-88a6-acd32a89fc00,
9eb599d5-bbfb-4d59-81e2-c435b4486894,
4d39f7f8-6467-4dce-bc31-c2292e7407a6,
074d8dcd-dca7-4102-babd-4b0ba4c5813d,
51d20b8e-e226-4601-b2a5-7269a68e8285,
f902d75d-dbac-46ed-8cea-e81c1d1e213f,
3720ba2c-7aac-41f5-a408-b37379a33b6e,
f45d84d2-ae71-42ef-b814-4d4d9fbddf46,
66c959ea-332d-4802-a7ff-af79dc2bf566,
eb655747-35b4-4ea2-bf73-5bb03e299faa,
2e3d9609-f71f-4344-b2e7-ca6620fa1224,
7283e6f7-0f5a-45da-805e-8d710e5ceaf2,
e9d5b45b-6be6-432d-8289-36892bf73426,
07fb0741-dbe8-488b-a5a3-2f51e20533ea,
eb31cd59-dac8-42a0-96ef-3aae0b056a09,
09a398d6-d9af-4eb6-8cf7-cc0db6cdada9,
33780221-c9be-4da1-b5c8-1fb5fb87fd7c,
059e81bf-125a-4500-82c4-9a636ed2f76e,
2c8c8f98-5c31-4f15-af64-61c445a37b09,
bc51228a-4d7e-48c7-a2fb-8ed9b5383964,
b013a598-26c4-44be-b6a3-741291489b97,
37babafe-bf9f-448e-b9d4-09a8b8025352,
78ff9e6c-ae81-44f8-b0dd-dc2ecc9c8afe,
7db4595e-509b-4947-b1f8-070dc7690da4,
06dde601-83f3-4aba-a2e4-b73d1fa430bc,
e1ca3a6b-32df-4a80-82c8-52a2b9ed7a95,
21a770ea-10f3-4a02-8fb2-e98c2a6798f0,
08a2494c-2a8e-46ea-9817-9429ef801f8a,
83ab9a55-ae4f-44cc-a353-14dbec2e76a0,
228d7c46-245d-459d-961c-035f58d77e99,
127185e7-f195-48f3-8c5d-11b786a57bde,
be9afd70-1eb5-409e-b5de-bde1ec49b3c4,
01dc52be-9796-40de-815b-e65a6c644f4d,
e66c48ff-39d1-421a-9234-9548c20bb075,
2cb1a364-0be3-4fde-800b-076b80ec8140,
1dbd6c19-9395-4f11-872b-0a95dca72228,
399e0ae7-0286-4c48-bd6e-099b9bc15922,
3d419e73-67a1-4ac3-841e-f67088ddb14e,
4afc7315-3021-4193-add7-5e93b94b4e15,
77d3f5dc-c229-4480-86f4-f915b2771bbf,
b5bae666-8ee8-47e3-8d60-8ffaa4792755,
5b201c1f-ee21-446f-ad95-9dcc553c8c96,
a076ba35-44fa-42c0-bd84-921b3b55c432,
9e437b0e-5f27-4473-93e6-0c514f6e35be,
c01e3a7d-43ef-4b92-af0b-20f9971f55ad,
adda9a54-7e7b-4d3f-8849-78bd5d5a9e40,
fa4937c5-34b1-4257-a863-2fc1efdb5e51,
1c282cf8-9d81-4246-9dea-4c0332edd152,
446ed34a-944e-40ae-80d1-8d0a99f10294,
1a103abd-72cf-4f63-8a7d-c687da867d42,
c78acddb-e535-4f9e-bb8e-0007851ef632,
0aa7797b-5562-4bf0-ad77-fb2c80be057e,
e666e92e-aec5-453a-945c-ec6dacf8d958,
47894def-46ca-4cb8-b222-30b355e27389,
990a6082-86dc-45f4-b79f-7b84ed13faad,
02637243-f59b-4c2e-9d86-9d16df5fa305,
6101be3f-9fa1-4827-a946-4f0947448bab,
fb4d6986-5f5b-4ff4-8642-08d5ec531524,
5538b826-d1b3-49a8-b40e-b157e0ad453f,
76a27827-bbd4-4edf-a68b-32b71883b866,
cecbb680-5a90-4847-acea-5b5b87ac2484,
40e31b37-608c-4e96-8f70-003bf488b99c,
887b70e0-ae2c-4d5b-a748-0ab57809c9aa,
be04ca82-4b52-4b2d-b464-d9f36a5e5167,
664d75d3-5ee0-4c4c-90c7-5eebbbcbb7bc,
9f4f1d2d-f722-4ee7-8802-3d299e805acc,
42ef2542-0fb3-45ed-953c-e4fb5541390f,
2b3c1dbb-1a24-4d88-8ad5-97d23e49aa0b,
2a03e00b-2752-495b-b254-33e58f913d7a,
5e215d49-b429-4c62-a937-4f9322f1673d,
2e81aa4e-959b-429e-8796-17898462900d,
93ec9988-f07a-4b8e-9a8d-3723ac0f840a,
18446dfd-8464-4331-98b8-c91c8561db98,
7aec481f-6b42-4e6d-a25c-9c90c5f616c8,
9551a39a-1226-4739-89bf-8cf8e2528b3d,
83fdbfdb-16e1-4ba9-b362-6d37ccbd0ef9,
27f00cc5-f01a-4beb-82d8-a992850aabed,
2a890bdb-5c85-4ada-83d6-01eb7207d002,
76c6d898-030f-4abc-856e-4bce69c10373,
b6ff0bd0-7dc5-400c-b4c1-037d23d2f119,
4c8eb707-6640-4d74-90b1-ed51d9ea8e66,
284e3fa1-c8ac-4ec0-8d92-2361bd9ac3da,
8c5dae6f-b785-4add-92d3-fc08a0badc29,
7a77f811-99d9-4ad9-97f1-4438a4162cd1,
182b5716-ebb1-4963-88f2-bcc1965a22e3,
0e98afd0-e867-4726-aba7-9a65f715285f,
9fe58e8a-2f92-443c-8999-ec304588f46d,
68eac603-caac-4c9f-843d-fe1773039a6c,
7874bc60-b5f8-41e4-b7c2-399085a1928d,
